"KOOD","SUGU","VERSIOON","MOTT","ENETOHU[PEEG]","ENETOHU[TAPSUS]","ENETOHU[NIME]","ENETOHU[NORM]","ENETOHU[RAAM]","ENETOHU[KUSIMUS]","ENETOHU[INFO]","AREVUS[AREV1]","AREVUS[AREV2]","AREVUS[AREV3]","AREVUS[AREV4]","TEADLIK[TEAD1]","TEADLIK[TEAD2]","TEADLIK[TEAD3]"
"Pätu","Naine","Sessioonõppes","9","4","4","3","4","3","4","3","10 (väga)","10 (väga)","10 (väga)","8","4","7","3"
"Nellykas","Naine","Päevaõppes","8","7","7","6","6","6","7","6","5","7","7","6","7","7","6"
"ROOSAPANTER99","Naine","Sessioonõppes","10 (väga)","7","6","5","5","7","7","4","6","8","10 (väga)","8","7","10 (täielikult)","8"
"monstercollu","Naine","Päevaõppes","10 (väga)","8","8","6","8","7","6","7","7","7","7","5","7","9","7"
"armastuspäästabmaailma","Naine","Sessioonõppes","10 (väga)","8","8","8","6","8","4","3","8","8","8","8","6","5","6"
"15-4-34","Naine","Päevaõppes","10 (väga)","5","4","5","5","5","5","5","1 (üldse mitte)","5","5","1 (üldse mitte)","7","9","5"
"porgand2004","Naine","Sessioonõppes","7","9","9","6","7","8","7","7","8","6","7","4","8","8","8"
"Iluselu27","Naine","Sessioonõppes","9","9","10 (väga)","10 (väga)","10 (väga)","10 (väga)","9","10 (väga)","4","3","3","3","9","9","10 (täielikult)"
"Iluselu27","Naine","Sessioonõppes","10 (väga)","9","10 (väga)","10 (väga)","10 (väga)","9","9","9","3","3","4","3","9","9","9"
"lara26","Naine","Sessioonõppes","8","7","7","7","7","6","6","6","7","8","8","7","6","7","6"
"Iluselu27","Naine","Sessioonõppes","10 (väga)","9","9","9","9","9","9","9","3","5","4","4","10 (täielikult)","8","9"
"korbet","Naine","Päevaõppes","7","8","8","5","7","6","5","6","8","7","7","6","8","6","6"
"ÜKSARVIK21","Naine","Sessioonõppes","10 (väga)","6","6","6","6","6","6","6","7","7","7","6","7","7","5"
"MAALTLINNA","Naine","Sessioonõppes","8","6","7","5","7","4","8","6","7","6","8","6","6","7","8"
"Sisekalmistu","Naine","Sessioonõppes","7","4","4","4","4","4","3","4","9","10 (väga)","9","9","3","8","5"
"kuldnekobra12","Naine","Sessioonõppes","10 (väga)","9","10 (väga)","4","8","6","5","4","7","7","7","4","7","7","7"
"Liuqi28","Naine","Päevaõppes","7","8","8","6","7","7","6","7","7","7","7","8","5","7","4"
"KIR55","Naine","Päevaõppes","10 (väga)","8","8","6","6","4","4","7","4","7","8","5","6","6","4"
"Oledtähtis50","Naine","Sessioonõppes","10 (väga)","6","7","6","6","6","5","7","6","6","6","6","7","8","7"
"Nartsiss","Naine","Päevaõppes","10 (väga)","8","8","8","8","8","8","8","1 (üldse mitte)","1 (üldse mitte)","1 (üldse mitte)","1 (üldse mitte)","8","6","8"
"cyx","Naine","Päevaõppes","10 (väga)","9","6","8","5","5","6","5","9","9","9","8","7","7","5"
"MUSTKOER57","Naine","Päevaõppes","9","7","9","6","7","6","8","5","9","8","9","8","3","6","4"
"siilike","Naine","Päevaõppes","8","7","9","3","8","5","4","4","2","4","4","4","6","6","7"
"päevalill","Naine","Päevaõppes","8","8","8","5","6","8","6","6","2","5","6","4","10 (täielikult)","10 (täielikult)","5"
"Rõõsik","Naine","Päevaõppes","10 (väga)","7","7","5","8","6","5","5","4","4","4","4","7","7","7"
"mangorabbit","Naine","Päevaõppes","7","2","3","5","3","4","4","3","9","8","9","9","6","7","3"
"MIISU22","Naine","Päevaõppes","8","8","8","4","6","6","6","5","10 (väga)","10 (väga)","10 (väga)","10 (väga)","4","8","5"
"Taevatäht22","Naine","Sessioonõppes","10 (väga)","8","9","9","9","9","9","9","5","6","5","6","8","9","8"
"merinotsud","Naine","Sessioonõppes","8","6","7","3","9","10 (väga)","5","5","8","8","9","6","6","9","8"
"SYGISTUDENG08","Naine","Sessioonõppes","8","5","6","6","5","7","5","6","4","7","5","5","7","7","5"
"KATRINPABO21","Naine","Päevaõppes","7","3","5","3","3","3","5","4","6","9","8","9","5","7","4"
"Printsess2","Naine","Päevaõppes","8","6","7","5","6","5","6","5","8","7","8","7","4","6","5"
"SIILUDUS11","Naine","Sessioonõppes","5","4","3","4","4","3","3","4","10 (väga)","10 (väga)","9","10 (väga)","7","10 (täielikult)","5"
"Rose","Naine","Sessioonõppes","7","7","9","9","9","9","8","9","5","5","4","3","5","5","5"
"OLIIVIPUU","Naine","Sessioonõppes","7","4","6","3","5","5","5","5","10 (väga)","9","9","6","6","6","4"
"TOMMY43","Naine","Päevaõppes","10 (väga)","8","9","6","10 (väga)","6","5","8","8","8","8","6","7","6","7"
"MERISIILIK123","Naine","Sessioonõppes","6","3","3","3","2","3","3","3","10 (väga)","10 (väga)","10 (väga)","10 (väga)","1 (üldse mitte)","1 (üldse mitte)","1 (üldse mitte)"
"ESTEO06","Naine","Sessioonõppes","7","3","3","3","3","3","3","3","9","9","9","9","1 (üldse mitte)","2","1 (üldse mitte)"
"psühh06","Naine","Päevaõppes","5","7","7","5","6","9","6","8","5","3","6","3","5","5","6"
"WinterPistachio","Naine","Sessioonõppes","7","6","6","4","4","4","4","5","7","7","10 (väga)","7","5","5","4"
"Nööp","Naine","Sessioonõppes","10 (väga)","4","7","4","6","8","6","5","10 (väga)","10 (väga)","10 (väga)","8","8","10 (täielikult)","5"
"Mulk","Naine","Sessioonõppes","10 (väga)","7","6","5","7","4","5","5","9","8","9","8","5","7","6"
"Kapibaara420","Naine","Sessioonõppes","9","8","8","6","5","7","4","6","5","4","4","3","6","7","4"
"M19","Naine","Sessioonõppes","10 (väga)","7","7","7","7","7","6","7","5","5","7","4","7","7","7"
"NINNUNÄNNU6767","Naine","Päevaõppes","10 (väga)","6","6","5","5","6","5","4","8","8","8","8","6","8","5"
"Surikaat1","Naine","Sessioonõppes","7","6","8","8","8","9","8","7","9","10 (väga)","10 (väga)","7","6","9","6"
"jõehobu.","Naine","Päevaõppes","9","8","10 (väga)","7","7","8","7","9","10 (väga)","10 (väga)","10 (väga)","4","6","7","7"
"Lilleke 7","Naine","Sessioonõppes","8","10 (väga)","10 (väga)","5","5","4","6","4","7","9","8","6","6","7","6"
"SUHKRUSAI92","Naine","Sessioonõppes","6","5","3","3","5","2","1 (üldse mitte)","3","9","9","10 (väga)","9","2","8","5"
"Theresa26","Naine","Päevaõppes","8","5","5","5","5","5","5","5","8","8","8","8","5","8","5"
"Rohelinekass77","Naine","Sessioonõppes","10 (väga)","8","8","8","9","7","8","7","7","7","7","3","8","8","7"
"MaineCoon1310","Naine","Päevaõppes","10 (väga)","7","8","8","8","6","7","5","6","6","6","5","6","8","5"
"olentudeng ","Naine","Päevaõppes","9","5","6","5","5","4","3","4","10 (väga)","10 (väga)","10 (väga)","10 (väga)","5","6","3"
"ROOSAELEVANT67","Naine","Sessioonõppes","10 (väga)","3","4","3","4","3","4","5","8","8","8","8","5","7","5"
"SinineSamet","Naine","Päevaõppes","8","6","6","4","7","5","6","6","9","9","8","8","2","2","3"
"punaneöökull","Naine","Päevaõppes","7","7","8","5","5","6","5","6","10 (väga)","10 (väga)","10 (väga)","9","7","7","5"
"Teletups2","Naine","Sessioonõppes","8","4","5","4","5","5","5","5","4","7","7","6","4","7","6"
"SININESALAMANDER","Naine","Päevaõppes","9","6","4","6","7","3","4","3","10 (väga)","10 (väga)","10 (väga)","10 (väga)","7","8","2"
"Õunaneiu123","Naine","Päevaõppes","8","6","7","7","6","6","6","7","10 (väga)","9","9","8","7","7","7"
"MANNAPANDA78","Naine","Päevaõppes","8","1 (üldse mitte)","1 (üldse mitte)","1 (üldse mitte)","1 (üldse mitte)","1 (üldse mitte)","1 (üldse mitte)","1 (üldse mitte)","8","8","10 (väga)","9","4","6","2"
"Vesi26","Naine","Sessioonõppes","10 (väga)","7","7","5","4","4","7","6","6","7","7","5","7","9","6"
"tuluke7","Naine","Sessioonõppes","8","5","6","5","5","5","6","6","8","8","8","8","6","3","3"
"SAABASTEGAKASS67","Naine","Päevaõppes","6","6","7","5","7","5","7","5","9","8","9","9","6","7","7"
"põngerjas11","Naine","Päevaõppes","10 (väga)","5","8","3","4","3","3","2","9","10 (väga)","10 (väga)","9","1 (üldse mitte)","1 (üldse mitte)","1 (üldse mitte)"
"Sinilind","Naine","Päevaõppes","6","7","7","6","7","7","6","6","7","6","7","6","7","7","7"
"psühholoog25","Naine","Päevaõppes","7","7","7","3","7","6","7","5","9","9","8","8","2","1 (üldse mitte)","1 (üldse mitte)"
"Murakas","Naine","Päevaõppes","10 (väga)","7","7","5","8","6","6","5","5","7","6","7","7","9","6"
"flordemar","Naine","Päevaõppes","10 (väga)","7","6","6","6","6","5","7","7","7","8","6","8","8","8"
"kakaovaht","Naine","Päevaõppes","7","8","9","8","9","9","8","8","7","8","7","5","8","7","6"
"Nartsiss","Naine","Päevaõppes","10 (väga)","8","8","8","8","8","8","8","1 (üldse mitte)","2","2","1 (üldse mitte)","8","8","8"
"LOTTE1234","Naine","Päevaõppes","9","6","5","5","8","7","5","6","8","8","8","5","7","9","5"
"PUTUKAS","Muu/soovin mitte öelda","Päevaõppes","6","5","6","5","6","4","3","3","5","8","7","7","3","2","2"
"kaseleht","Naine","Päevaõppes","8","7","7","7","7","7","6","6","5","6","5","5","8","7","7"
"innukasõppija","Naine","Päevaõppes","9","5","5","3","4","4","3","3","9","8","6","8","7","8","5"
"ROOSAPILV","Naine","Päevaõppes","8","7","8","6","7","6","7","6","8","8","8","7","3","3","5"
"Mustkass123","Naine","Päevaõppes","7","8","8","7","7","7","3","5","5","6","5","4","3","6","6"
"KollaneKala8","Mees","Päevaõppes","7","7","7","5","6","6","7","6","7","7","7","6","3","3","4"
"razzberry4","Naine","Päevaõppes","6","5","3","5","3","4","2","2","10 (väga)","9","10 (väga)","8","4","4","5"
"Talisandra95","Naine","Sessioonõppes","10 (väga)","6","6","5","6","5","5","5","9","9","9","9","4","4","4"
"Roosa","Naine","Sessioonõppes","6","6","5","5","6","5","5","5","4","5","6","4","5","7","6"
"MAGUSAHULL","Naine","Päevaõppes","8","6","7","6","6","5","5","6","8","7","8","7","6","8","7"
"KASTAN761","Naine","Päevaõppes","9","10 (väga)","9","5","9","9","6","7","4","9","8","7","9","10 (täielikult)","9"
"Kukkerpall06","Naine","Sessioonõppes","10 (väga)","4","4","3","3","6","4","2","3","6","5","5","6","3","3"
"Sipsy-Ly","Naine","Päevaõppes","10 (väga)","6","8","5","5","5","7","8","7","6","7","4","8","8","7"
"Bossa","Naine","Päevaõppes","10 (väga)","7","9","6","5","10 (väga)","8","8","8","9","8","4","8","8","7"
"Pannkoogipidu","Naine","Päevaõppes","7","8","9","7","4","8","9","6","8","7","9","4","4","6","7"
"Mustikas2424","Naine","Päevaõppes","6","6","6","6","6","5","4","4","9","9","9","8","7","7","6"
"KAPIBARA67","Naine","Päevaõppes","10 (väga)","8","9","5","5","7","6","4","9","9","9","9","6","10 (täielikult)","3"
"KIIKSUKE67","Naine","Päevaõppes","10 (väga)","7","8","5","8","5","8","6","10 (väga)","10 (väga)","10 (väga)","10 (väga)","3","8","7"
":)","Naine","Päevaõppes","7","6","9","5","4","3","4","3","10 (väga)","10 (väga)","10 (väga)","10 (väga)","3","6","5"
"PITSAPOISS","Naine","Päevaõppes","8","6","6","5","5","6","7","6","6","4","7","6","5","4","5"
"kiisumiisu67","Naine","Päevaõppes","10 (väga)","9","9","7","9","7","7","8","8","7","6","7","8","8","7"
"uwuherneauto4","Naine","Päevaõppes","7","7","8","7","7","6","7","7","8","8","9","7","6","8","8"
"LALLI1301","Naine","Päevaõppes","8","6","9","5","8","5","6","7","4","5","5","3","7","7","5"
"gc","Mees","Sessioonõppes","10 (väga)","7","7","7","7","7","8","7","7","7","7","5","5","6","5"
"PIKNEMCQUEEN95","Naine","Päevaõppes","8","10 (väga)","10 (väga)","8","6","9","9","7","9","9","8","7","7","7","4"
"(._.)","Naine","Päevaõppes","9","9","9","6","7","3","8","5","8","10 (väga)","8","8","7","5","6"
"Sügis2026","Naine","Päevaõppes","10 (väga)","7","7","5","7","5","6","6","4","4","6","5","4","4","4"
"PäikeTõuseb","Naine","Sessioonõppes","10 (väga)","10 (väga)","10 (väga)","9","9","9","10 (väga)","10 (väga)","1 (üldse mitte)","1 (üldse mitte)","1 (üldse mitte)","1 (üldse mitte)","10 (täielikult)","10 (täielikult)","10 (täielikult)"
"KIIZUMIIZU1234","Naine","Päevaõppes","10 (väga)","6","8","5","8","6","7","5","8","8","9","7","8","10 (täielikult)","6"
"Piparmündijäätis","Naine","Sessioonõppes","10 (väga)","9","9","9","7","4","9","5","3","3","3","3","8","8","7"
"autobot60","Naine","Päevaõppes","8","5","8","6","7","4","5","4","9","9","9","8","7","8","5"
"mesipesa","Naine","Päevaõppes","10 (väga)","10 (väga)","10 (väga)","10 (väga)","10 (väga)","10 (väga)","10 (väga)","10 (väga)","8","7","5","3","10 (täielikult)","10 (täielikult)","10 (täielikult)"
"SININEKOER67","Naine","Päevaõppes","10 (väga)","7","7","5","5","6","4","4","9","8","10 (väga)","7","6","9","5"
"RUFUSROHELINE36","Naine","Päevaõppes","7","7","7","4","5","3","7","2","9","10 (väga)","9","9","3","8","3"
"Pesukaru","Naine","Sessioonõppes","10 (väga)","2","7","6","5","3","5","2","10 (väga)","10 (väga)","10 (väga)","4","2","10 (täielikult)","6"
"siiludus","Naine","Sessioonõppes","6","8","5","5","5","5","6","5","4","4","4","4","8","10 (täielikult)","6"
"SIILIKE123","Naine","Päevaõppes","6","5","4","4","5","7","4","3","10 (väga)","10 (väga)","7","6","6","6","4"
"mandariinikoor","Naine","Sessioonõppes","10 (väga)","6","7","4","6","4","5","6","9","9","9","4","6","6","5"
"METU15","Naine","Päevaõppes","8","6","7","8","5","6","7","5","8","8","8","6","3","3","5"
"MVP","Naine","Päevaõppes","5","4","9","7","7","9","6","8","5","5","5","6","3","5","2"
"NR7103","Mees","Sessioonõppes","10 (väga)","6","7","7","6","8","6","7","7","7","7","6","3","6","6"
"Lokilammas","Naine","Päevaõppes","8","10 (väga)","7","6","9","9","8","6","6","6","9","8","7","9","8"
"Londiste539","Naine","Sessioonõppes","8","7","6","5","5","4","4","3","9","9","9","10 (väga)","7","4","3"
"Mesimumm888","Naine","Sessioonõppes","10 (väga)","5","6","6","7","7","7","6","4","6","6","3","8","8","6"
"Lemonjuice482","Naine","Päevaõppes","8","8","10 (väga)","9","8","9","8","8","3","3","3","4","8","9","8"
"Hesburger1273","Naine","Päevaõppes","8","4","6","4","6","5","5","4","7","8","9","8","3","4","3"
"kuldkala444","Naine","Päevaõppes","8","10 (väga)","8","7","9","9","8","7","9","9","10 (väga)","7","8","8","9"
"ookull52","Naine","Päevaõppes","8","10 (väga)","9","8","7","7","8","7","7","7","8","6","7","7","7"
"Valge pelikan","Naine","Sessioonõppes","8","5","7","6","5","4","7","2","9","9","9","10 (väga)","4","4","3"
"ROOSAJÄNES16","Naine","Päevaõppes","10 (väga)","7","8","4","6","9","6","7","10 (väga)","10 (väga)","9","8","7","7","5"
"Rass","Naine","Sessioonõppes","9","8","7","5","5","5","5","2","6","8","8","8","7","8","6"
"JAANIUSSIKE","Naine","Päevaõppes","10 (väga)","8","8","3","10 (väga)","4","3","4","4","6","1 (üldse mitte)","4","8","6","5"
"Elora","Naine","Päevaõppes","7","7","8","6","7","7","7","5","8","10 (väga)","8","9","5","7","6"
"Lilleke20","Mees","Päevaõppes","9","5","7","4","5","3","4","4","9","7","8","4","7","10 (täielikult)","4"
"tulepeeker31","Naine","Päevaõppes","9","6","6","7","6","7","5","5","10 (väga)","10 (väga)","10 (väga)","10 (väga)","5","8","5"
"loll kloun","Mees","Päevaõppes","10 (väga)","5","9","3","10 (väga)","10 (väga)","5","10 (väga)","1 (üldse mitte)","1 (üldse mitte)","5","8","8","5","10 (täielikult)"
"RAND22","Naine","Päevaõppes","7","8","10 (väga)","6","6","7","10 (väga)","5","7","7","7","5","7","8","6"
"roosaponi","Naine","Päevaõppes","10 (väga)","7","8","7","7","6","6","6","10 (väga)","10 (väga)","10 (väga)","9","7","9","8"
"K00DN1M1","Naine","Päevaõppes","8","7","8","8","8","7","7","8","8","8","9","7","6","6","8"
"KuraasikasKurk123","Mees","Sessioonõppes","6","3","3","2","2","2","3","1 (üldse mitte)","10 (väga)","10 (väga)","10 (väga)","10 (väga)","2","7","2"
"Kiisukas123","Naine","Päevaõppes","7","8","9","7","7","8","7","7","10 (väga)","10 (väga)","10 (väga)","10 (väga)","4","7","3"
"Moosi2mblik","Naine","Päevaõppes","6","7","8","4","5","6","7","6","2","4","5","7","8","4","7"
"Jaager","Naine","Päevaõppes","7","7","8","8","7","8","8","8","2","2","2","1 (üldse mitte)","7","4","8"
"Vihmaeisaja","Naine","Sessioonõppes","10 (väga)","9","9","9","9","9","9","9","1 (üldse mitte)","1 (üldse mitte)","1 (üldse mitte)","1 (üldse mitte)","9","9","9"
"Sgrebmus","Naine","Sessioonõppes","9","7","8","5","3","7","3","3","9","9","9","7","7","10 (täielikult)","4"
"ANNAMINNA","Naine","Päevaõppes","8","4","4","5","4","6","5","4","6","5","5","4","7","7","6"
"Kalamees777","Naine","Sessioonõppes","10 (väga)","6","6","6","6","6","6","6","9","8","8","7","7","7","5"
"anpa","Naine","Sessioonõppes","9","7","8","5","6","6","6","4","8","8","9","8","7","8","7"
"mustsõstramarmelaad","Naine","Sessioonõppes","10 (väga)","8","9","6","6","6","7","7","9","9","9","9","6","5","4"
"Ruby","Naine","Sessioonõppes","10 (väga)","2","3","2","2","3","3","3","9","7","10 (väga)","10 (väga)","2","10 (täielikult)","2"
"Sininelapitekk456","Naine","Sessioonõppes","10 (väga)","8","8","6","6","6","7","5","5","5","6","3","6","8","5"
"55423","Naine","Sessioonõppes","10 (väga)","6","5","6","8","8","4","6","9","9","9","9","7","9","8"
"Zaku88","Naine","Sessioonõppes","8","7","6","6","6","6","6","8","5","5","8","3","8","8","5"
"Rõõmuli2","Naine","Sessioonõppes","8","6","7","4","6","5","5","4","7","8","9","9","6","5","5"
"PALMIPUU","Naine","Sessioonõppes","5","8","8","8","8","8","8","7","4","4","4","5","4","5","5"
"Laudakatus","Mees","Sessioonõppes","7","8","7","6","7","5","8","7","4","5","5","4","8","9","7"
"Magdaleena","Naine","Sessioonõppes","8","9","8","8","8","8","9","8","1 (üldse mitte)","2","3","2","8","9","7"
"Rotipoeg","Naine","Sessioonõppes","7","5","6","4","3","4","7","5","10 (väga)","10 (väga)","10 (väga)","10 (väga)","3","8","3"
"Triangel","Naine","Sessioonõppes","10 (väga)","6","6","6","6","6","6","6","6","6","6","8","6","6","6"
"kuidasläheb10","Naine","Sessioonõppes","9","6","6","5","5","6","6","5","9","8","9","9","7","8","5"
"ITI444","Naine","Sessioonõppes","10 (väga)","6","6","5","6","6","6","5","5","5","5","5","5","7","5"
"SASS21","Naine","Sessioonõppes","5","4","4","5","5","4","4","6","10 (väga)","10 (väga)","10 (väga)","10 (väga)","6","7","5"
"PipiLiis","Muu/soovin mitte öelda","Sessioonõppes","10 (väga)","5","5","4","4","4","5","4","9","10 (väga)","8","7","6","9","6"
"URA92","Naine","Sessioonõppes","6","8","6","8","6","6","7","5","4","7","8","3","5","4","4"
"Capybara112","Naine","Päevaõppes","9","4","8","7","3","5","3","3","5","5","7","3","6","5","3"
"Suusajope2002","Naine","Päevaõppes","7","5","6","6","9","8","7","7","10 (väga)","10 (väga)","10 (väga)","10 (väga)","6","9","7"
